City,Abbr.,County,Alias_Abbr
Aberdeen Proving Ground,MD,HARFORD,"Aberdeen Proving Ground, MD"
Abilene,TX,TAYLOR,"Abilene, TX"
Acton,MA,MIDDLESEX,"Acton, MA"
Acushnet,MA,BRISTOL,"Acushnet, MA"
Acworth,GA,CHEROKEE,"Acworth, GA"
Acworth,GA,COBB,"Acworth, GA"
Adak,AK,ALEUTIANS WEST,"Adak, AK"
Adjuntas,PR,ADJUNTAS,"Adjuntas, PR"
Agana Heights,GU,GUAM,"Agana Heights, GU"
Agoura Hills,CA,LOS ANGELES,"Agoura Hills, CA"
Akron,OH,SUMMIT,"Akron, OH"
Alabaster,AL,SHELBY,"Alabaster, AL"
Albany,CA,ALAMEDA,"Albany, CA"
Albuquerque,NM,BERNALILLO,"Albuquerque, NM"
Alexandria,VA,ALEXANDRIA CITY,"Alexandria, VA"
Alexandria,VA,FAIRFAX,"Alexandria, VA"
Algonquin,IL,MCHENRY,"Algonquin, IL"
Alice,TX,JIM WELLS,"Alice, TX"
Aliso Viejo,CA,ORANGE,"Aliso Viejo, CA"
Alkol,WV,LINCOLN,"Alkol, WV"
Alma,KS,WABAUNSEE,"Alma, KS"
Alma,NY,ALLEGANY,"Alma, NY"
Alpine,AR,CLARK,"Alpine, AR"
Alta,CA,PLACER,"Alta, CA"
Altus,OK,JACKSON,"Altus, OK"
Amarillo,TX,POTTER,"Amarillo, TX"
Amarillo,TX,RANDALL,"Amarillo, TX"
American Canyon,CA,NAPA,"American Canyon, CA"
Amherst,MA,HAMPSHIRE,"Amherst, MA"
Anacortes,WA,SKAGIT,"Anacortes, WA"
Anchorage,AK,ANCHORAGE,"Anchorage, AK"
Anderson,TX,GRIMES,"Anderson, TX"
Andover,MN,ANOKA,"Andover, MN"
Angels Camp,CA,CALAVERAS,"Angels Camp, CA"
Angie,LA,WASHINGTON,"Angie, LA"
Angwin,CA,NAPA,"Angwin, CA"
Anniston,AL,CALHOUN,"Anniston, AL"
Anoka,MN,ANOKA,"Anoka, MN"
Anthony,NM,DONA ANA,"Anthony, NM"
Apache Junction,AZ,PINAL,"Apache Junction, AZ"
Apo,AE,,"Apo, AE"
Arcadia,KS,CRAWFORD,"Arcadia, KS"
Archbold,OH,FULTON,"Archbold, OH"
Arenas Valley,NM,GRANT,"Arenas Valley, NM"
Arley,AL,WINSTON,"Arley, AL"
Arlington,MA,MIDDLESEX,"Arlington, MA"
Arlington,OR,GILLIAM,"Arlington, OR"
Arlington,VA,ARLINGTON,"Arlington, VA"
Arnold,KS,NESS,"Arnold, KS"
Aroda,VA,MADISON,"Aroda, VA"
Artesia,CA,LOS ANGELES,"Artesia, CA"
Arvada,CO,JEFFERSON,"Arvada, CO"
Astoria,NY,QUEENS,"Astoria, NY"
Athol,KY,BREATHITT,"Athol, KY"
Atlanta,GA,COBB,"Atlanta, GA"
Atlanta,GA,DEKALB,"Atlanta, GA"
Atlanta,GA,FULTON,"Atlanta, GA"
Atlanta,ID,ELMORE,"Atlanta, ID"
Atlantic Beach,FL,DUVAL,"Atlantic Beach, FL"
Auburn,AL,LEE,"Auburn, AL"
Auburn,WA,KING,"Auburn, WA"
Audubon,PA,MONTGOMERY,"Audubon, PA"
Augusta,GA,COLUMBIA,"Augusta, GA"
Augusta,GA,RICHMOND,"Augusta, GA"
Aurora,CO,ADAMS,"Aurora, CO"
Aurora,CO,ARAPAHOE,"Aurora, CO"
Aurora,IL,DUPAGE,"Aurora, IL"
Aurora,IL,KANE,"Aurora, IL"
Aurora,IL,WILL,"Aurora, IL"
Austin,TX,HAYS,"Austin, TX"
Austin,TX,TRAVIS,"Austin, TX"
Austin,TX,WILLIAMSON,"Austin, TX"
Ayer,MA,MIDDLESEX,"Ayer, MA"
Aynor,SC,HORRY,"Aynor, SC"
Azle,TX,PARKER,"Azle, TX"
Azle,TX,TARRANT,"Azle, TX"
Babylon,NY,SUFFOLK,"Babylon, NY"
Baker,CA,SAN BERNARDINO,"Baker, CA"
Bakewell,TN,HAMILTON,"Bakewell, TN"
Balch Springs,TX,DALLAS,"Balch Springs, TX"
Baltimore,MD,ANNE ARUNDEL,"Baltimore, MD"
Baltimore,MD,BALTIMORE,"Baltimore, MD"
Baltimore,MD,BALTIMORE CITY,"Baltimore, MD"
Banco,VA,MADISON,"Banco, VA"
Bangor,PA,NORTHAMPTON,"Bangor, PA"
Banks,AL,PIKE,"Banks, AL"
Banks,OR,WASHINGTON,"Banks, OR"
Banner Elk,NC,AVERY,"Banner Elk, NC"
Barrigada,GU,GUAM,"Barrigada, GU"
Barrow,AK,NORTH SLOPE,"Barrow, AK"
Barstow,CA,SAN BERNARDINO,"Barstow, CA"
Bartlett,IL,DUPAGE,"Bartlett, IL"
Barton,VT,ORLEANS,"Barton, VT"
Basehor,KS,LEAVENWORTH,"Basehor, KS"
Basking Ridge,NJ,SOMERSET,"Basking Ridge, NJ"
Bass Lake,CA,MADERA,"Bass Lake, CA"
Batavia,IL,KANE,"Batavia, IL"
Battlement Mesa,CO,GARFIELD,"Battlement Mesa, CO"
Baxter,MN,CROW WING,"Baxter, MN"
Bay City,MI,BAY,"Bay City, MI"
Bay Saint Louis,MS,HANCOCK,"Bay Saint Louis, MS"
Bayside,NY,QUEENS,"Bayside, NY"
Baytown,TX,CHAMBERS,"Baytown, TX"
Baytown,TX,HARRIS,"Baytown, TX"
Beaufort,SC,BEAUFORT,"Beaufort, SC"
Beaver,OR,TILLAMOOK,"Beaver, OR"
Bedford Park,IL,COOK,"Bedford Park, IL"
Bedford,MA,MIDDLESEX,"Bedford, MA"
Beech Island,SC,AIKEN,"Beech Island, SC"
Beecher City,IL,EFFINGHAM,"Beecher City, IL"
Belden,CA,PLUMAS,"Belden, CA"
Belding,MI,IONIA,"Belding, MI"
Bell Gardens,CA,LOS ANGELES,"Bell Gardens, CA"
Bell,CA,LOS ANGELES,"Bell, CA"
Belleair Beach,FL,PINELLAS,"Belleair Beach, FL"
Belleville,IL,SAINT CLAIR,"Belleville, IL"
Bellevue,KY,CAMPBELL,"Bellevue, KY"
Bellevue,NE,SARPY,"Bellevue, NE"
Belmont,MA,MIDDLESEX,"Belmont, MA"
Belvidere Center,VT,LAMOILLE,"Belvidere Center, VT"
Bensalem,PA,BUCKS,"Bensalem, PA"
Bensenville,IL,DUPAGE,"Bensenville, IL"
Benson,VT,RUTLAND,"Benson, VT"
Benton,AR,SALINE,"Benton, AR"
Berkeley,CA,ALAMEDA,"Berkeley, CA"
Berne,IN,ADAMS,"Berne, IN"
Bethel,AK,BETHEL,"Bethel, AK"
Bethesda,MD,MONTGOMERY,"Bethesda, MD"
Bethlehem,PA,LEHIGH,"Bethlehem, PA"
Bethlehem,PA,NORTHAMPTON,"Bethlehem, PA"
Big Bear City,CA,SAN BERNARDINO,"Big Bear City, CA"
Big Lake,AK,MATANUSKA SUSITNA,"Big Lake, AK"
Biloxi,MS,HARRISON,"Biloxi, MS"
Bingham,IL,FAYETTE,"Bingham, IL"
Birmingham,AL,JEFFERSON,"Birmingham, AL"
Birmingham,AL,SHELBY,"Birmingham, AL"
Bishop,CA,INYO,"Bishop, CA"
Blackduck,MN,BELTRAMI,"Blackduck, MN"
Bland,MO,GASCONADE,"Bland, MO"
Blandinsville,IL,MCDONOUGH,"Blandinsville, IL"
Blue Springs,MO,JACKSON,"Blue Springs, MO"
Bluffton,SC,BEAUFORT,"Bluffton, SC"
Blythe,CA,RIVERSIDE,"Blythe, CA"
Blytheville,AR,MISSISSIPPI,"Blytheville, AR"
Boaz,AL,MARSHALL,"Boaz, AL"
Boise,ID,ADA,"Boise, ID"
Bolivar,MO,POLK,"Bolivar, MO"
Bonduel,WI,SHAWANO,"Bonduel, WI"
Boothbay Harbor,ME,LINCOLN,"Boothbay Harbor, ME"
Boothbay,ME,LINCOLN,"Boothbay, ME"
Boring,OR,CLACKAMAS,"Boring, OR"
Bosler,WY,ALBANY,"Bosler, WY"
Bosque Farms,NM,VALENCIA,"Bosque Farms, NM"
Boston,MA,SUFFOLK,"Boston, MA"
Bothell,WA,KING,"Bothell, WA"
Bothell,WA,SNOHOMISH,"Bothell, WA"
Boys Ranch,TX,OLDHAM,"Boys Ranch, TX"
Bradenton Beach,FL,MANATEE,"Bradenton Beach, FL"
Brainerd,MN,CROW WING,"Brainerd, MN"
Branchville,NJ,SUSSEX,"Branchville, NJ"
Brighton,CO,ADAMS,"Brighton, CO"
Brighton,CO,WELD,"Brighton, CO"
Bristol,VA,BRISTOL CITY,"Bristol, VA"
Broadview,IL,COOK,"Broadview, IL"
Broken Arrow,OK,TULSA,"Broken Arrow, OK"
Brookfield,WI,WAUKESHA,"Brookfield, WI"
Brookline,MA,NORFOLK,"Brookline, MA"
Brooklyn,MD,BALTIMORE CITY,"Brooklyn, MD"
Brooksville,FL,HERNANDO,"Brooksville, FL"
Broomfield,CO,BROOMFIELD,"Broomfield, CO"
Brownville,ME,PISCATAQUIS,"Brownville, ME"
Brownwood,TX,BROWN,"Brownwood, TX"
Bruce,MS,CALHOUN,"Bruce, MS"
Brunswick,GA,GLYNN,"Brunswick, GA"
Brunswick,MD,FREDERICK,"Brunswick, MD"
Bryant,AR,SALINE,"Bryant, AR"
Buckeye,IA,HARDIN,"Buckeye, IA"
Buena Park,CA,ORANGE,"Buena Park, CA"
Buffalo,WY,JOHNSON,"Buffalo, WY"
Bullhead City,AZ,MOHAVE,"Bullhead City, AZ"
Burnt Hills,NY,SARATOGA,"Burnt Hills, NY"
Bushkill,PA,PIKE,"Bushkill, PA"
Butterfield,MO,BARRY,"Butterfield, MO"
Byron,CA,CONTRA COSTA,"Byron, CA"
Cabazon,CA,RIVERSIDE,"Cabazon, CA"
Calabasas,CA,LOS ANGELES,"Calabasas, CA"
Calhoun City,MS,CALHOUN,"Calhoun City, MS"
California,MO,MONITEAU,"California, MO"
Calumet,MI,HOUGHTON,"Calumet, MI"
Camano Island,WA,ISLAND,"Camano Island, WA"
Camas Valley,OR,DOUGLAS,"Camas Valley, OR"
Cambridge,MA,MIDDLESEX,"Cambridge, MA"
Cambridge,OH,GUERNSEY,"Cambridge, OH"
Camden,ME,KNOX,"Camden, ME"
Cameron,AZ,COCONINO,"Cameron, AZ"
Camp Douglas,WI,JUNEAU,"Camp Douglas, WI"
Camp Pendleton,CA,SAN DIEGO,"Camp Pendleton, CA"
Canaan,VT,ESSEX,"Canaan, VT"
Canandaigua,NY,ONTARIO,"Canandaigua, NY"
Cannon AFB,NM,CURRY,"Cannon AFB, NM"
Canoga Park,CA,LOS ANGELES,"Canoga Park, CA"
Canton,OH,STARK,"Canton, OH"
Canyon Country,CA,LOS ANGELES,"Canyon Country, CA"
Canyon Lake,TX,COMAL,"Canyon Lake, TX"
Carmel,CA,MONTEREY,"Carmel, CA"
Carmel,IN,HAMILTON,"Carmel, IN"
Carrollton,TX,DALLAS,"Carrollton, TX"
Carson City,NV,CARSON CITY,"Carson City, NV"
Carson,CA,LOS ANGELES,"Carson, CA"
Caryville,FL,WASHINGTON,"Caryville, FL"
Casper,WY,NATRONA,"Casper, WY"
Casselberry,FL,SEMINOLE,"Casselberry, FL"
Cassville,MO,BARRY,"Cassville, MO"
Castroville,TX,MEDINA,"Castroville, TX"
Catalina,AZ,PIMA,"Catalina, AZ"
Catonsville,MD,BALTIMORE,"Catonsville, MD"
Cave Junction,OR,JOSEPHINE,"Cave Junction, OR"
Cayce,SC,LEXINGTON,"Cayce, SC"
Ceiba,PR,CEIBA,"Ceiba, PR"
Celina,OH,MERCER,"Celina, OH"
Centerville,GA,HOUSTON,"Centerville, GA"
Central Islip,NY,SUFFOLK,"Central Islip, NY"
Cerritos,CA,LOS ANGELES,"Cerritos, CA"
Chagrin Falls,OH,CUYAHOGA,"Chagrin Falls, OH"
Chagrin Falls,OH,GEAUGA,"Chagrin Falls, OH"
Challis,ID,CUSTER,"Challis, ID"
Chandler Heights,AZ,MARICOPA,"Chandler Heights, AZ"
Chantilly,VA,FAIRFAX,"Chantilly, VA"
Chantilly,VA,LOUDOUN,"Chantilly, VA"
Chaparral,NM,DONA ANA,"Chaparral, NM"
Charlemont,MA,FRANKLIN,"Charlemont, MA"
Charleston,MS,TALLAHATCHIE,"Charleston, MS"
Charleston,SC,BERKELEY,"Charleston, SC"
Charleston,SC,CHARLESTON,"Charleston, SC"
Charlevoix,MI,CHARLEVOIX,"Charlevoix, MI"
Charlottesville,VA,ALBEMARLE,"Charlottesville, VA"
Charlottesville,VA,CHARLOTTESVILLE CITY,"Charlottesville, VA"
Chatham,PA,CHESTER,"Chatham, PA"
Cheltenham,MD,PRINCE GEORGES,"Cheltenham, MD"
Chester,PA,DELAWARE,"Chester, PA"
Chester,VT,WINDSOR,"Chester, VT"
Chestertown,MD,KENT,"Chestertown, MD"
Chestertown,MD,QUEEN ANNES,"Chestertown, MD"
Chevy Chase,MD,MONTGOMERY,"Chevy Chase, MD"
Cheyenne,WY,LARAMIE,"Cheyenne, WY"
Chicago Heights,IL,COOK,"Chicago Heights, IL"
Chicago,IL,COOK,"Chicago, IL"
Chignik,AK,LAKE AND PENINSULA,"Chignik, AK"
Chiloquin,OR,KLAMATH,"Chiloquin, OR"
Chincoteague Island,VA,ACCOMACK,"Chincoteague Island, VA"
Chinle,AZ,APACHE,"Chinle, AZ"
Church Hill,MD,QUEEN ANNES,"Church Hill, MD"
Church Hill,TN,HAWKINS,"Church Hill, TN"
Cincinnati,OH,CLERMONT,"Cincinnati, OH"
Cincinnati,OH,HAMILTON,"Cincinnati, OH"
City Of Industry,CA,LOS ANGELES,"City Of Industry, CA"
Clackamas,OR,CLACKAMAS,"Clackamas, OR"
Clarksdale,MS,COAHOMA,"Clarksdale, MS"
Clarksville,IN,CLARK,"Clarksville, IN"
Clay,NY,ONONDAGA,"Clay, NY"
Clearwater,FL,PINELLAS,"Clearwater, FL"
Clearwater,SC,AIKEN,"Clearwater, SC"
Cleveland,OH,CUYAHOGA,"Cleveland, OH"
Clifton,TX,BOSQUE,"Clifton, TX"
Clinton,IA,CLINTON,"Clinton, IA"
Clive,IA,POLK,"Clive, IA"
Cloudcroft,NM,OTERO,"Cloudcroft, NM"
Clovis,NM,CURRY,"Clovis, NM"
Coaling,AL,TUSCALOOSA,"Coaling, AL"
Coconut Creek,FL,BROWARD,"Coconut Creek, FL"
Colchester,CT,NEW LONDON,"Colchester, CT"
Collegeville,PA,MONTGOMERY,"Collegeville, PA"
Collingswood,NJ,CAMDEN,"Collingswood, NJ"
Collinsville,CT,HARTFORD,"Collinsville, CT"
Coloma,MI,BERRIEN,"Coloma, MI"
Columbia,MD,HOWARD,"Columbia, MD"
Columbia,SC,LEXINGTON,"Columbia, SC"
Columbia,SC,RICHLAND,"Columbia, SC"
Columbus,GA,MUSCOGEE,"Columbus, GA"
Columbus,OH,DELAWARE,"Columbus, OH"
Columbus,OH,FRANKLIN,"Columbus, OH"
Commerce Township,MI,OAKLAND,"Commerce Township, MI"
Commerce,GA,BANKS,"Commerce, GA"
Commerce,GA,JACKSON,"Commerce, GA"
Concord,CA,CONTRA COSTA,"Concord, CA"
Continental Divide,NM,MCKINLEY,"Continental Divide, NM"
Continental,OH,PUTNAM,"Continental, OH"
Cooke City,MT,PARK,"Cooke City, MT"
Coosawhatchie,SC,JASPER,"Coosawhatchie, SC"
Coral Gables,FL,MIAMI-DADE,"Coral Gables, FL"
Coral Springs,FL,BROWARD,"Coral Springs, FL"
Corcoran,CA,KINGS,"Corcoran, CA"
Cordova,AK,VALDEZ CORDOVA,"Cordova, AK"
Cornelius,OR,WASHINGTON,"Cornelius, OR"
Cornell,MI,DELTA,"Cornell, MI"
Corning,CA,TEHAMA,"Corning, CA"
Cotati,CA,SONOMA,"Cotati, CA"
Cottleville,MO,SAINT CHARLES,"Cottleville, MO"
Cottonwood,ID,IDAHO,"Cottonwood, ID"
Council Grove,KS,MORRIS,"Council Grove, KS"
Coventry,RI,KENT,"Coventry, RI"
Covington,KY,KENTON,"Covington, KY"
Cowlesville,NY,WYOMING,"Cowlesville, NY"
Cranston,RI,PROVIDENCE,"Cranston, RI"
Crescent City,CA,DEL NORTE,"Crescent City, CA"
Crest Hill,IL,WILL,"Crest Hill, IL"
Creston,WA,LINCOLN,"Creston, WA"
Crooks,SD,MINNEHAHA,"Crooks, SD"
Culdesac,ID,NEZ PERCE,"Culdesac, ID"
Cuyahoga Falls,OH,SUMMIT,"Cuyahoga Falls, OH"
Cypress,CA,ORANGE,"Cypress, CA"
Dale,IL,HAMILTON,"Dale, IL"
Dallas,TX,COLLIN,"Dallas, TX"
Dallas,TX,DALLAS,"Dallas, TX"
Damascus,OR,CLACKAMAS,"Damascus, OR"
Dana Point,CA,ORANGE,"Dana Point, CA"
Danville,IL,VERMILION,"Danville, IL"
Dartmouth,MA,BRISTOL,"Dartmouth, MA"
Dayton,KY,CAMPBELL,"Dayton, KY"
Dayton,OH,GREENE,"Dayton, OH"
Dayton,OH,MONTGOMERY,"Dayton, OH"
Daytona Beach,FL,VOLUSIA,"Daytona Beach, FL"
De Soto,KS,JOHNSON,"De Soto, KS"
Dededo,GU,GUAM,"Dededo, GU"
Deep River,CT,MIDDLESEX,"Deep River, CT"
Defuniak Springs,FL,WALTON,"Defuniak Springs, FL"
Del Rio,TX,VAL VERDE,"Del Rio, TX"
Deland,FL,VOLUSIA,"Deland, FL"
Dell City,TX,HUDSPETH,"Dell City, TX"
Dellrose,TN,LINCOLN,"Dellrose, TN"
Delta Junction,AK,SOUTHEAST FAIRBANKS,"Delta Junction, AK"
Denver,CO,ADAMS,"Denver, CO"
Denver,CO,ARAPAHOE,"Denver, CO"
Denver,CO,DENVER,"Denver, CO"
Denver,CO,JEFFERSON,"Denver, CO"
Des Moines,IA,POLK,"Des Moines, IA"
Destin,FL,OKALOOSA,"Destin, FL"
Detroit,MI,WAYNE,"Detroit, MI"
Devens,MA,MIDDLESEX,"Devens, MA"
Diamond Bar,CA,LOS ANGELES,"Diamond Bar, CA"
Diamond City,AR,BOONE,"Diamond City, AR"
Discovery Bay,CA,CONTRA COSTA,"Discovery Bay, CA"
Dodge City,KS,FORD,"Dodge City, KS"
Dorchester,MA,SUFFOLK,"Dorchester, MA"
Dover,DE,KENT,"Dover, DE"
Dover,NJ,MORRIS,"Dover, NJ"
Dovray,MN,MURRAY,"Dovray, MN"
Downers Grove,IL,DUPAGE,"Downers Grove, IL"
Downingtown,PA,CHESTER,"Downingtown, PA"
Doylestown,PA,BUCKS,"Doylestown, PA"
Dublin,GA,LAURENS,"Dublin, GA"
Dubois,ID,CLARK,"Dubois, ID"
Dubre,KY,CUMBERLAND,"Dubre, KY"
Dulles,VA,LOUDOUN,"Dulles, VA"
Duluth,GA,FULTON,"Duluth, GA"
Duluth,GA,GWINNETT,"Duluth, GA"
Duluth,MN,SAINT LOUIS,"Duluth, MN"
Dunbar,NE,OTOE,"Dunbar, NE"
Dunkirk,NY,CHAUTAUQUA,"Dunkirk, NY"
Dunnellon,FL,CITRUS,"Dunnellon, FL"
Dunnellon,FL,MARION,"Dunnellon, FL"
Durants Neck,NC,PERQUIMANS,"Durants Neck, NC"
Durham,CA,BUTTE,"Durham, CA"
Dyer,IN,LAKE,"Dyer, IN"
Eagle Mountain,UT,UTAH,"Eagle Mountain, UT"
Eagle Nest,NM,COLFAX,"Eagle Nest, NM"
Eagleville,PA,MONTGOMERY,"Eagleville, PA"
Earlville,PA,BERKS,"Earlville, PA"
East Bloomfield,NY,ONTARIO,"East Bloomfield, NY"
East Boston,MA,SUFFOLK,"East Boston, MA"
East Corinth,VT,ORANGE,"East Corinth, VT"
East Ellijay,GA,GILMER,"East Ellijay, GA"
East Elmhurst,NY,QUEENS,"East Elmhurst, NY"
East Haven,CT,NEW HAVEN,"East Haven, CT"
East Homer,NY,CORTLAND,"East Homer, NY"
East Longmeadow,MA,HAMPDEN,"East Longmeadow, MA"
East Peoria,IL,TAZEWELL,"East Peoria, IL"
East Saint Louis,IL,SAINT CLAIR,"East Saint Louis, IL"
Eastchester,NY,WESTCHESTER,"Eastchester, NY"
Eben Junction,MI,ALGER,"Eben Junction, MI"
Eden Prairie,MN,HENNEPIN,"Eden Prairie, MN"
Eden,AZ,GRAHAM,"Eden, AZ"
Eden,VT,LAMOILLE,"Eden, VT"
Edison,NJ,MIDDLESEX,"Edison, NJ"
Edwardsburg,MI,CASS,"Edwardsburg, MI"
Edwardsville,KS,WYANDOTTE,"Edwardsville, KS"
Egg Harbor Township,NJ,ATLANTIC,"Egg Harbor Township, NJ"
Eight Mile,AL,MOBILE,"Eight Mile, AL"
El Monte,CA,LOS ANGELES,"El Monte, CA"
El Paso,TX,EL PASO,"El Paso, TX"
El Toro,CA,ORANGE,"El Toro, CA"
Eldon,MO,MILLER,"Eldon, MO"
Elgin,TN,SCOTT,"Elgin, TN"
Elizabeth,NJ,UNION,"Elizabeth, NJ"
Elizabethtown,IN,BARTHOLOMEW,"Elizabethtown, IN"
Ellensburg,WA,KITTITAS,"Ellensburg, WA"
Ellicott City,MD,HOWARD,"Ellicott City, MD"
Ellsworth,WI,PIERCE,"Ellsworth, WI"
Elmhurst,NY,QUEENS,"Elmhurst, NY"
Elyria,OH,LORAIN,"Elyria, OH"
Encino,CA,LOS ANGELES,"Encino, CA"
Endeavor,PA,FOREST,"Endeavor, PA"
Endwell,NY,BROOME,"Endwell, NY"
Englewood,FL,CHARLOTTE,"Englewood, FL"
Englewood,FL,SARASOTA,"Englewood, FL"
Englewood,NJ,BERGEN,"Englewood, NJ"
Erie,CO,BOULDER,"Erie, CO"
Erlanger,KY,KENTON,"Erlanger, KY"
Esparto,CA,YOLO,"Esparto, CA"
Essex,VT,CHITTENDEN,"Essex, VT"
Essig,MN,BROWN,"Essig, MN"
Estill,SC,HAMPTON,"Estill, SC"
Etlan,VA,MADISON,"Etlan, VA"
Etna,OH,LICKING,"Etna, OH"
Euclid,OH,CUYAHOGA,"Euclid, OH"
Eugene,OR,LANE,"Eugene, OR"
Eureka,CA,HUMBOLDT,"Eureka, CA"
Eureka,WI,WINNEBAGO,"Eureka, WI"
Evans,CO,WELD,"Evans, CO"
Evansport,OH,DEFIANCE,"Evansport, OH"
Evergreen,CO,JEFFERSON,"Evergreen, CO"
Everson,WA,WHATCOM,"Everson, WA"
Exton,PA,CHESTER,"Exton, PA"
Fairbanks,AK,FAIRBANKS NORTH STAR,"Fairbanks, AK"
Fairfax,VA,FAIRFAX,"Fairfax, VA"
Fairfax,VA,FAIRFAX CITY,"Fairfax, VA"
Fairfield,CA,SOLANO,"Fairfield, CA"
Fairfield,ID,CAMAS,"Fairfield, ID"
Fairfield,OH,BUTLER,"Fairfield, OH"
Fairlawn,OH,SUMMIT,"Fairlawn, OH"
Fairmont,MN,MARTIN,"Fairmont, MN"
Fairplay,CO,PARK,"Fairplay, CO"
Falcon,MS,QUITMAN,"Falcon, MS"
Fallon,MT,PRAIRIE,"Fallon, MT"
Falls Church,VA,FAIRFAX,"Falls Church, VA"
Falls Church,VA,FALLS CHURCH CITY,"Falls Church, VA"
Falmouth,MA,BARNSTABLE,"Falmouth, MA"
Far Rockaway,NY,QUEENS,"Far Rockaway, NY"
Farmington,WA,WHITMAN,"Farmington, WA"
Farmville,VA,PRINCE EDWARD,"Farmville, VA"
Fayetteville,AR,WASHINGTON,"Fayetteville, AR"
Fayetteville,GA,FAYETTE,"Fayetteville, GA"
Fayetteville,NC,CUMBERLAND,"Fayetteville, NC"
Fe Warren AFB,WY,LARAMIE,"Fe Warren AFB, WY"
Federal Way,WA,KING,"Federal Way, WA"
Felch,MI,DICKINSON,"Felch, MI"
Fenwick Island,DE,SUSSEX,"Fenwick Island, DE"
Firestone,CO,WELD,"Firestone, CO"
Fishers,IN,HAMILTON,"Fishers, IN"
Fiskdale,MA,WORCESTER,"Fiskdale, MA"
Flagstaff,AZ,COCONINO,"Flagstaff, AZ"
Flint,MI,GENESEE,"Flint, MI"
Floral Park,NY,NASSAU,"Floral Park, NY"
Floral Park,NY,QUEENS,"Floral Park, NY"
Flowood,MS,RANKIN,"Flowood, MS"
Flushing,NY,QUEENS,"Flushing, NY"
Foley,MN,BENTON,"Foley, MN"
Folsom,CA,SACRAMENTO,"Folsom, CA"
Fort Dodge,KS,FORD,"Fort Dodge, KS"
Fort Drum,NY,JEFFERSON,"Fort Drum, NY"
Fort Lauderdale,FL,BROWARD,"Fort Lauderdale, FL"
Fort Lyon,CO,BENT,"Fort Lyon, CO"
Fort Mill,SC,LANCASTER,"Fort Mill, SC"
Fort Mill,SC,YORK,"Fort Mill, SC"
Fort Morgan,CO,MORGAN,"Fort Morgan, CO"
Fort Myers,FL,LEE,"Fort Myers, FL"
Fort Pierce,FL,SAINT LUCIE,"Fort Pierce, FL"
Fort Stewart,GA,LIBERTY,"Fort Stewart, GA"
Fort Thomas,KY,CAMPBELL,"Fort Thomas, KY"
Fort Washington,PA,BUCKS,"Fort Washington, PA"
Fort Washington,PA,MONTGOMERY,"Fort Washington, PA"
Fort Worth,TX,TARRANT,"Fort Worth, TX"
Fort Yukon,AK,YUKON KOYUKUK,"Fort Yukon, AK"
Fountain Valley,CA,ORANGE,"Fountain Valley, CA"
Fowler,IN,BENTON,"Fowler, IN"
Fox Valley,IL,DUPAGE,"Fox Valley, IL"
Frankfort,IN,CLINTON,"Frankfort, IN"
Franklin,AR,IZARD,"Franklin, AR"
Franklin,NY,DELAWARE,"Franklin, NY"
Frazier Park,CA,KERN,"Frazier Park, CA"
Frederick,CO,WELD,"Frederick, CO"
Fredericksburg,VA,FREDERICKSBURG CITY,"Fredericksburg, VA"
Fredericksburg,VA,SPOTSYLVANIA,"Fredericksburg, VA"
Fredericksburg,VA,STAFFORD,"Fredericksburg, VA"
Fredonia,AZ,COCONINO,"Fredonia, AZ"
Freedom,WI,OUTAGAMIE,"Freedom, WI"
Freetown,IN,JACKSON,"Freetown, IN"
Friesland,WI,COLUMBIA,"Friesland, WI"
Frisco,TX,COLLIN,"Frisco, TX"
Frisco,TX,DENTON,"Frisco, TX"
Ft Mitchell,KY,KENTON,"Ft Mitchell, KY"
Fultonville,NY,MONTGOMERY,"Fultonville, NY"
Gadsden,AL,ETOWAH,"Gadsden, AL"
Gaithersburg,MD,MONTGOMERY,"Gaithersburg, MD"
Galena,MO,STONE,"Galena, MO"
Gales Ferry,CT,NEW LONDON,"Gales Ferry, CT"
Gallup,NM,MCKINLEY,"Gallup, NM"
Ganado,AZ,APACHE,"Ganado, AZ"
Garden City,ID,ADA,"Garden City, ID"
Garden City,KS,FINNEY,"Garden City, KS"
Gardner,LA,RAPIDES,"Gardner, LA"
Gardner,ND,CASS,"Gardner, ND"
Garfield,KY,BRECKINRIDGE,"Garfield, KY"
Garland,TX,DALLAS,"Garland, TX"
Garnet Valley,PA,DELAWARE,"Garnet Valley, PA"
Gary,IN,LAKE,"Gary, IN"
Gasconade,MO,GASCONADE,"Gasconade, MO"
George,WA,GRANT,"George, WA"
Germantown,OH,MONTGOMERY,"Germantown, OH"
Gilford,NH,BELKNAP,"Gilford, NH"
Gillett,TX,KARNES,"Gillett, TX"
Gillette,WY,CAMPBELL,"Gillette, WY"
Gilman,WI,TAYLOR,"Gilman, WI"
Girdwood,AK,ANCHORAGE,"Girdwood, AK"
Glasgow,MT,VALLEY,"Glasgow, MT"
Glendale Heights,IL,DUPAGE,"Glendale Heights, IL"
Glendale,AZ,MARICOPA,"Glendale, AZ"
Glendale,CA,LOS ANGELES,"Glendale, CA"
Glenfield,NY,LEWIS,"Glenfield, NY"
Glens Falls,NY,WARREN,"Glens Falls, NY"
Glyndon,MD,BALTIMORE,"Glyndon, MD"
Golden,CO,JEFFERSON,"Golden, CO"
Goleta,CA,SANTA BARBARA,"Goleta, CA"
Gosnell,AR,MISSISSIPPI,"Gosnell, AR"
Grace,ID,CARIBOU,"Grace, ID"
Grammer,IN,BARTHOLOMEW,"Grammer, IN"
Grand Forks,ND,GRAND FORKS,"Grand Forks, ND"
Grand Lake Stream,ME,WASHINGTON,"Grand Lake Stream, ME"
Grand Rapids,MI,KENT,"Grand Rapids, MI"
Grand Terrace,CA,SAN BERNARDINO,"Grand Terrace, CA"
Grangeville,ID,IDAHO,"Grangeville, ID"
Granite Quarry,NC,ROWAN,"Granite Quarry, NC"
Grants Pass,OR,JOSEPHINE,"Grants Pass, OR"
Grapevine,TX,TARRANT,"Grapevine, TX"
Grasston,MN,PINE,"Grasston, MN"
Gravois Mills,MO,MORGAN,"Gravois Mills, MO"
Great Falls,MT,CASCADE,"Great Falls, MT"
Green Bay,WI,BROWN,"Green Bay, WI"
Green River,UT,EMERY,"Green River, UT"
Green River,WY,SWEETWATER,"Green River, WY"
Greenacres,FL,PALM BEACH,"Greenacres, FL"
Greenbrae,CA,MARIN,"Greenbrae, CA"
Greenville,ME,PISCATAQUIS,"Greenville, ME"
Greenville,MS,WASHINGTON,"Greenville, MS"
Grelton,OH,HENRY,"Grelton, OH"
Grosse Pointe,MI,WAYNE,"Grosse Pointe, MI"
Groveland,FL,LAKE,"Groveland, FL"
Groveland,NY,LIVINGSTON,"Groveland, NY"
Gulf Breeze,FL,SANTA ROSA,"Gulf Breeze, FL"
Gwynedd,PA,MONTGOMERY,"Gwynedd, PA"
Hadar,NE,PIERCE,"Hadar, NE"
Hagarstown,IL,FAYETTE,"Hagarstown, IL"
Haltom City,TX,TARRANT,"Haltom City, TX"
Hamden,CT,NEW HAVEN,"Hamden, CT"
Hamilton,OH,BUTLER,"Hamilton, OH"
Hammond,IN,LAKE,"Hammond, IN"
Hampton,VA,HAMPTON CITY,"Hampton, VA"
Hampton,VA,YORK,"Hampton, VA"
Hamtramck,MI,WAYNE,"Hamtramck, MI"
Happy Valley,OR,CLACKAMAS,"Happy Valley, OR"
Harbor Springs,MI,EMMET,"Harbor Springs, MI"
Hardwick,MA,WORCESTER,"Hardwick, MA"
Hardy,AR,SHARP,"Hardy, AR"
Harlan,KY,HARLAN,"Harlan, KY"
Harleysville,PA,MONTGOMERY,"Harleysville, PA"
Harmans,MD,ANNE ARUNDEL,"Harmans, MD"
Harpursville,NY,BROOME,"Harpursville, NY"
Harriet,AR,SEARCY,"Harriet, AR"
Harrington,WA,LINCOLN,"Harrington, WA"
Hartford,CT,HARTFORD,"Hartford, CT"
Harvey,IL,COOK,"Harvey, IL"
Harwinton,CT,LITCHFIELD,"Harwinton, CT"
Harwood Heights,IL,COOK,"Harwood Heights, IL"
Harwood,ND,CASS,"Harwood, ND"
Hauppauge,NY,SUFFOLK,"Hauppauge, NY"
Havelock,NC,CRAVEN,"Havelock, NC"
Haverhill,MA,ESSEX,"Haverhill, MA"
Hawley,PA,PIKE,"Hawley, PA"
Hays,KS,ELLIS,"Hays, KS"
Hayward,CA,ALAMEDA,"Hayward, CA"
Hazelwood,MO,SAINT LOUIS,"Hazelwood, MO"
Hazelwood,NC,HAYWOOD,"Hazelwood, NC"
Heber,AZ,NAVAJO,"Heber, AZ"
Helena,AL,SHELBY,"Helena, AL"
Henderson,TX,RUSK,"Henderson, TX"
Hendersonville,NC,HENDERSON,"Hendersonville, NC"
Henrico,VA,HENRICO,"Henrico, VA"
Henrico,VA,RICHMOND CITY,"Henrico, VA"
Herndon,VA,FAIRFAX,"Herndon, VA"
Herriman,UT,SALT LAKE,"Herriman, UT"
Hertford,NC,PERQUIMANS,"Hertford, NC"
Highland Park,IL,LAKE,"Highland Park, IL"
Highland,IN,LAKE,"Highland, IN"
Hillsboro,OR,WASHINGTON,"Hillsboro, OR"
Hillside,IL,COOK,"Hillside, IL"
Hinesville,GA,LIBERTY,"Hinesville, GA"
Hingham,MA,PLYMOUTH,"Hingham, MA"
Hinsdale,IL,DUPAGE,"Hinsdale, IL"
Hoffman Estates,IL,COOK,"Hoffman Estates, IL"
Holbrook,AZ,NAVAJO,"Holbrook, AZ"
Holdrege,NE,PHELPS,"Holdrege, NE"
Holly Springs,GA,CHEROKEE,"Holly Springs, GA"
Holly Springs,MS,MARSHALL,"Holly Springs, MS"
Hollywood,FL,BROWARD,"Hollywood, FL"
Holmes Beach,FL,MANATEE,"Holmes Beach, FL"
Holy City,CA,SANTA CLARA,"Holy City, CA"
Holyoke,MN,CARLTON,"Holyoke, MN"
Homer Glen,IL,WILL,"Homer Glen, IL"
Homewood,IL,COOK,"Homewood, IL"
Homosassa Springs,FL,CITRUS,"Homosassa Springs, FL"
Hooper,UT,WEBER,"Hooper, UT"
Hopkins,MN,HENNEPIN,"Hopkins, MN"
Horseshoe Bend,AR,IZARD,"Horseshoe Bend, AR"
Hot Springs National Park,AR,GARLAND,"Hot Springs National Park, AR"
Hot Springs,MT,SANDERS,"Hot Springs, MT"
Houck,AZ,APACHE,"Houck, AZ"
Houghton,MI,HOUGHTON,"Houghton, MI"
Houlton,ME,AROOSTOOK,"Houlton, ME"
Houston,AK,MATANUSKA SUSITNA,"Houston, AK"
Houston,TX,FORT BEND,"Houston, TX"
Houston,TX,HARRIS,"Houston, TX"
Howard Lake,MN,HENNEPIN,"Howard Lake, MN"
Howard Lake,MN,WRIGHT,"Howard Lake, MN"
Howey In The Hills,FL,LAKE,"Howey In The Hills, FL"
Hoyt,OK,HASKELL,"Hoyt, OK"
Hualapai,AZ,MOHAVE,"Hualapai, AZ"
Hudson,OH,SUMMIT,"Hudson, OH"
Humble,TX,HARRIS,"Humble, TX"
Hunt Valley,MD,BALTIMORE,"Hunt Valley, MD"
Hunters,WA,STEVENS,"Hunters, WA"
Huntington Station,NY,SUFFOLK,"Huntington Station, NY"
Huntington,WV,CABELL,"Huntington, WV"
Huntington,WV,WAYNE,"Huntington, WV"
Huntly,VA,RAPPAHANNOCK,"Huntly, VA"
Hutchinson,KS,RENO,"Hutchinson, KS"
Hyde Park,MA,SUFFOLK,"Hyde Park, MA"
Hyden,KY,LESLIE,"Hyden, KY"
Hysham,MT,TREASURE,"Hysham, MT"
Iliamna,AK,LAKE AND PENINSULA,"Iliamna, AK"
Imperial,MO,JEFFERSON,"Imperial, MO"
Inarajan,GU,GUAM,"Inarajan, GU"
Indian Rocks Beach,FL,PINELLAS,"Indian Rocks Beach, FL"
Indianapolis,IN,HAMILTON,"Indianapolis, IN"
Indianapolis,IN,MARION,"Indianapolis, IN"
Indianola,MS,SUNFLOWER,"Indianola, MS"
Inkster,ND,GRAND FORKS,"Inkster, ND"
Interlachen,FL,PUTNAM,"Interlachen, FL"
Iowa City,IA,JOHNSON,"Iowa City, IA"
Iron Mountain,MI,DICKINSON,"Iron Mountain, MI"
Irvine,CA,ORANGE,"Irvine, CA"
Ishpeming,MI,MARQUETTE,"Ishpeming, MI"
Island Park,ID,FREMONT,"Island Park, ID"
Issaquah,WA,KING,"Issaquah, WA"
Ithaca,NY,TOMPKINS,"Ithaca, NY"
Jackson,CA,AMADOR,"Jackson, CA"
Jackson,KY,BREATHITT,"Jackson, KY"
Jackson,MS,HINDS,"Jackson, MS"
Jackson,MS,RANKIN,"Jackson, MS"
Jacksonville Beach,FL,DUVAL,"Jacksonville Beach, FL"
Jacksonville,AR,PULASKI,"Jacksonville, AR"
Jacksonville,FL,DUVAL,"Jacksonville, FL"
Jacksonville,FL,SAINT JOHNS,"Jacksonville, FL"
Jacksonville,NC,ONSLOW,"Jacksonville, NC"
Jamaica,NY,QUEENS,"Jamaica, NY"
Janesville,IL,CUMBERLAND,"Janesville, IL"
Jeffersonville,IN,CLARK,"Jeffersonville, IN"
Jelm,WY,ALBANY,"Jelm, WY"
Jenkins,MN,CROW WING,"Jenkins, MN"
Jersey Shore,PA,LYCOMING,"Jersey Shore, PA"
Johannesburg,CA,KERN,"Johannesburg, CA"
Johnson Creek,WI,JEFFERSON,"Johnson Creek, WI"
Johnson,NE,NEMAHA,"Johnson, NE"
Johnsonburg,NJ,WARREN,"Johnsonburg, NJ"
Johnstown,PA,CAMBRIA,"Johnstown, PA"
Joliet,IL,WILL,"Joliet, IL"
Junction City,KS,GEARY,"Junction City, KS"
Juneau,AK,JUNEAU,"Juneau, AK"
Kailua Kona,HI,HAWAII,"Kailua Kona, HI"
Kansas City,KS,WYANDOTTE,"Kansas City, KS"
Kansas City,MO,CLAY,"Kansas City, MO"
Kansas City,MO,JACKSON,"Kansas City, MO"
Kansas City,MO,PLATTE,"Kansas City, MO"
Katy,TX,FORT BEND,"Katy, TX"
Katy,TX,HARRIS,"Katy, TX"
Kaukauna,WI,OUTAGAMIE,"Kaukauna, WI"
Keavy,KY,LAUREL,"Keavy, KY"
Keizer,OR,MARION,"Keizer, OR"
Keller,TX,TARRANT,"Keller, TX"
Kenai,AK,KENAI PENINSULA,"Kenai, AK"
Kenedy,TX,KARNES,"Kenedy, TX"
Kenosha,WI,KENOSHA,"Kenosha, WI"
Kentfield,CA,MARIN,"Kentfield, CA"
Kenwood,CA,SONOMA,"Kenwood, CA"
Kerby,OR,JOSEPHINE,"Kerby, OR"
Ketchikan,AK,KETCHIKAN GATEWAY,"Ketchikan, AK"
Kettle Falls,WA,STEVENS,"Kettle Falls, WA"
Kew Gardens,NY,QUEENS,"Kew Gardens, NY"
Kewanna,IN,FULTON,"Kewanna, IN"
Killeen,TX,BELL,"Killeen, TX"
King Salmon,AK,BRISTOL BAY,"King Salmon, AK"
Kingman,AZ,MOHAVE,"Kingman, AZ"
Kingwood,TX,HARRIS,"Kingwood, TX"
Kissimmee,FL,OSCEOLA,"Kissimmee, FL"
Kissimmee,FL,POLK,"Kissimmee, FL"
Klamath Falls,OR,KLAMATH,"Klamath Falls, OR"
Klickitat,WA,KLICKITAT,"Klickitat, WA"
Knoxville,MD,FREDERICK,"Knoxville, MD"
Koleen,IN,GREENE,"Koleen, IN"
Krakow,WI,SHAWANO,"Krakow, WI"
La Follette,TN,CAMPBELL,"La Follette, TN"
La Puente,CA,LOS ANGELES,"La Puente, CA"
La Vista,NE,SARPY,"La Vista, NE"
Lacey,WA,THURSTON,"Lacey, WA"
Ladson,SC,BERKELEY,"Ladson, SC"
Lady Lake,FL,LAKE,"Lady Lake, FL"
Lafayette,IN,TIPPECANOE,"Lafayette, IN"
Laguna Beach,CA,ORANGE,"Laguna Beach, CA"
Laguna Hills,CA,ORANGE,"Laguna Hills, CA"
Laguna Park,TX,BOSQUE,"Laguna Park, TX"
Laguna Woods,CA,ORANGE,"Laguna Woods, CA"
Lake Forest,CA,ORANGE,"Lake Forest, CA"
Lake Hubert,MN,CROW WING,"Lake Hubert, MN"
Lake In The Hills,IL,MCHENRY,"Lake In The Hills, IL"
Lake Lynn,PA,FAYETTE,"Lake Lynn, PA"
Lake Wales,FL,POLK,"Lake Wales, FL"
Lake Worth,FL,PALM BEACH,"Lake Worth, FL"
Lakebay,WA,PIERCE,"Lakebay, WA"
Lakehead,CA,SHASTA,"Lakehead, CA"
Lakehurst,NJ,OCEAN,"Lakehurst, NJ"
Lakewood,CA,LOS ANGELES,"Lakewood, CA"
Lakewood,IL,SHELBY,"Lakewood, IL"
Lakewood,WA,PIERCE,"Lakewood, WA"
Lamar,MO,BARTON,"Lamar, MO"
Lamoure,ND,LAMOURE,"Lamoure, ND"
Lando,SC,CHESTER,"Lando, SC"
Lanesboro,MA,BERKSHIRE,"Lanesboro, MA"
Langhorne,PA,BUCKS,"Langhorne, PA"
Lanham,MD,PRINCE GEORGES,"Lanham, MD"
Lansing,MI,CLINTON,"Lansing, MI"
Lansing,MI,EATON,"Lansing, MI"
Lansing,MI,INGHAM,"Lansing, MI"
Laramie,WY,ALBANY,"Laramie, WY"
Largo,FL,PINELLAS,"Largo, FL"
Las Cruces,NM,DONA ANA,"Las Cruces, NM"
Las Vegas,NM,SAN MIGUEL,"Las Vegas, NM"
Las Vegas,NV,CLARK,"Las Vegas, NV"
Latham,NY,ALBANY,"Latham, NY"
Laughlin AFB,TX,VAL VERDE,"Laughlin AFB, TX"
Laurel,MD,ANNE ARUNDEL,"Laurel, MD"
Laurel,MD,HOWARD,"Laurel, MD"
Laurel,MD,PRINCE GEORGES,"Laurel, MD"
Laurelville,OH,HOCKING,"Laurelville, OH"
Lawton,OK,COMANCHE,"Lawton, OK"
Laytonville,CA,MENDOCINO,"Laytonville, CA"
Leadville,CO,LAKE,"Leadville, CO"
Leadwood,MO,SAINT FRANCOIS,"Leadwood, MO"
Leander,TX,TRAVIS,"Leander, TX"
Leander,TX,WILLIAMSON,"Leander, TX"
Leavenworth,KS,LEAVENWORTH,"Leavenworth, KS"
Leawood,KS,JOHNSON,"Leawood, KS"
Ledyard,CT,NEW LONDON,"Ledyard, CT"
Lee,MA,BERKSHIRE,"Lee, MA"
Lee,NH,STRAFFORD,"Lee, NH"
Lees Summit,MO,JACKSON,"Lees Summit, MO"
Leesville,LA,VERNON,"Leesville, LA"
Lehi,UT,UTAH,"Lehi, UT"
Lehman,PA,LUZERNE,"Lehman, PA"
Leipsic,OH,PUTNAM,"Leipsic, OH"
Lenexa,KS,JOHNSON,"Lenexa, KS"
Lewisburg,PA,UNION,"Lewisburg, PA"
Lewisville,TX,DENTON,"Lewisville, TX"
Liberty Lake,WA,SPOKANE,"Liberty Lake, WA"
Lihue,HI,KAUAI,"Lihue, HI"
Lima,OH,ALLEN,"Lima, OH"
Lincoln Acres,CA,SAN DIEGO,"Lincoln Acres, CA"
Lincoln,RI,PROVIDENCE,"Lincoln, RI"
Lincolnwood,IL,COOK,"Lincolnwood, IL"
Lindale,TX,SMITH,"Lindale, TX"
Lineboro,MD,CARROLL,"Lineboro, MD"
Lingleville,TX,ERATH,"Lingleville, TX"
Linn Grove,IN,ADAMS,"Linn Grove, IN"
Lisbon,ME,ANDROSCOGGIN,"Lisbon, ME"
Literberry,IL,MORGAN,"Literberry, IL"
Lithonia,GA,DEKALB,"Lithonia, GA"
Little Chute,WI,OUTAGAMIE,"Little Chute, WI"
Littleton,CO,ARAPAHOE,"Littleton, CO"
Littleton,CO,DOUGLAS,"Littleton, CO"
Littleton,CO,JEFFERSON,"Littleton, CO"
Lockport,IL,WILL,"Lockport, IL"
Londonderry,NH,ROCKINGHAM,"Londonderry, NH"
Lone Jack,MO,JACKSON,"Lone Jack, MO"
Lone Tree,CO,DOUGLAS,"Lone Tree, CO"
Long Beach,CA,LOS ANGELES,"Long Beach, CA"
Long Island City,NY,QUEENS,"Long Island City, NY"
Longmont,CO,BOULDER,"Longmont, CO"
Longmont,CO,WELD,"Longmont, CO"
Lorain,OH,LORAIN,"Lorain, OH"
Lordsburg,NM,HIDALGO,"Lordsburg, NM"
Lorton,NE,OTOE,"Lorton, NE"
Lorton,VA,FAIRFAX,"Lorton, VA"
Los Angeles,CA,LOS ANGELES,"Los Angeles, CA"
Los Gatos,CA,SANTA CLARA,"Los Gatos, CA"
Los Gatos,CA,SANTA CRUZ,"Los Gatos, CA"
Louisa,KY,LAWRENCE,"Louisa, KY"
Loveland,CO,LARIMER,"Loveland, CO"
Loveland,OH,CLERMONT,"Loveland, OH"
Loveland,OK,TILLMAN,"Loveland, OK"
Loves Park,IL,WINNEBAGO,"Loves Park, IL"
Lynxville,WI,CRAWFORD,"Lynxville, WI"
Mabank,TX,HENDERSON,"Mabank, TX"
Mabank,TX,KAUFMAN,"Mabank, TX"
Macedonia,OH,SUMMIT,"Macedonia, OH"
Machesney Park,IL,WINNEBAGO,"Machesney Park, IL"
Machias,ME,WASHINGTON,"Machias, ME"
Mad River,CA,TRINITY,"Mad River, CA"
Madison,AL,LIMESTONE,"Madison, AL"
Madison,AL,MADISON,"Madison, AL"
Madison,KS,GREENWOOD,"Madison, KS"
Madison,MD,DORCHESTER,"Madison, MD"
Madison,VA,MADISON,"Madison, VA"
Malvern,AR,HOT SPRING,"Malvern, AR"
Manassas,VA,MANASSAS CITY,"Manassas, VA"
Manassas,VA,MANASSAS PARK CITY,"Manassas, VA"
Manassas,VA,PRINCE WILLIAM,"Manassas, VA"
Manchester Township,NJ,OCEAN,"Manchester Township, NJ"
Manchester,MD,CARROLL,"Manchester, MD"
Manchester,NH,HILLSBOROUGH,"Manchester, NH"
Mangilao,GU,GUAM,"Mangilao, GU"
Mankato,MN,BLUE EARTH,"Mankato, MN"
Mankato,MN,NICOLLET,"Mankato, MN"
Mansfield Center,CT,TOLLAND,"Mansfield Center, CT"
Maple Lake,MN,WRIGHT,"Maple Lake, MN"
Maple Plain,MN,HENNEPIN,"Maple Plain, MN"
Maple Plain,MN,WRIGHT,"Maple Plain, MN"
Marathon Shores,FL,MONROE,"Marathon Shores, FL"
Marathon,FL,MONROE,"Marathon, FL"
Marble Falls,TX,BURNET,"Marble Falls, TX"
Marcus Hook,PA,DELAWARE,"Marcus Hook, PA"
Marengo,WI,ASHLAND,"Marengo, WI"
Margate,FL,BROWARD,"Margate, FL"
Marion,NC,MCDOWELL,"Marion, NC"
Markham,IL,COOK,"Markham, IL"
Marmaduke,AR,GREENE,"Marmaduke, AR"
Marshfield,MA,PLYMOUTH,"Marshfield, MA"
Marysville,CA,YUBA,"Marysville, CA"
Mason,TN,TIPTON,"Mason, TN"
Mason,WI,BAYFIELD,"Mason, WI"
Masterson,TX,MOORE,"Masterson, TX"
Matthews,NC,MECKLENBURG,"Matthews, NC"
Matthews,NC,UNION,"Matthews, NC"
Maywood,IL,COOK,"Maywood, IL"
Mc Clure,OH,HENRY,"Mc Clure, OH"
Mc Gehee,AR,DESHA,"Mc Gehee, AR"
Mc Grath,AK,YUKON KOYUKUK,"Mc Grath, AK"
Mc Graws,WV,WYOMING,"Mc Graws, WV"
Mc Lean,VA,FAIRFAX,"Mc Lean, VA"
Mccall,ID,VALLEY,"Mccall, ID"
Mcchord AFB,WA,PIERCE,"Mcchord AFB, WA"
Mckinleyville,CA,HUMBOLDT,"Mckinleyville, CA"
Meadow Bridge,WV,FAYETTE,"Meadow Bridge, WV"
Medford,MA,MIDDLESEX,"Medford, MA"
Medford,OR,JACKSON,"Medford, OR"
Medina,OH,MEDINA,"Medina, OH"
Melbourne,FL,BREVARD,"Melbourne, FL"
Melrose Park,IL,COOK,"Melrose Park, IL"
Melrose,OH,PAULDING,"Melrose, OH"
Memphis,TN,SHELBY,"Memphis, TN"
Menifee,CA,RIVERSIDE,"Menifee, CA"
Menlo Park,CA,SAN MATEO,"Menlo Park, CA"
Mercedita,PR,PONCE,"Mercedita, PR"
Merizo,GU,GUAM,"Merizo, GU"
Merna,IL,MCLEAN,"Merna, IL"
Mesquite,TX,DALLAS,"Mesquite, TX"
Mexico Beach,FL,BAY,"Mexico Beach, FL"
Miami Gardens,FL,MIAMI-DADE,"Miami Gardens, FL"
Miami,FL,MIAMI-DADE,"Miami, FL"
Middle Bass,OH,OTTAWA,"Middle Bass, OH"
Middleboro,MA,PLYMOUTH,"Middleboro, MA"
Middletown,OH,BUTLER,"Middletown, OH"
Middletown,VA,FREDERICK,"Middletown, VA"
Middletown,VA,WARREN,"Middletown, VA"
Midland,MD,ALLEGANY,"Midland, MD"
Midway,TX,MADISON,"Midway, TX"
Mill Creek,WA,SNOHOMISH,"Mill Creek, WA"
Millbury,MA,WORCESTER,"Millbury, MA"
Millersville,MD,ANNE ARUNDEL,"Millersville, MD"
Mills,WY,NATRONA,"Mills, WY"
Millville,DE,SUSSEX,"Millville, DE"
Milwaukee,WI,MILWAUKEE,"Milwaukee, WI"
Minden City,MI,SANILAC,"Minden City, MI"
Mineral,CA,TEHAMA,"Mineral, CA"
Minidoka,ID,MINIDOKA,"Minidoka, ID"
Minneapolis,MN,ANOKA,"Minneapolis, MN"
Minneapolis,MN,HENNEPIN,"Minneapolis, MN"
Minneola,FL,LAKE,"Minneola, FL"
Minnetonka,MN,HENNEPIN,"Minnetonka, MN"
Minot,ND,WARD,"Minot, ND"
Miramonte,CA,FRESNO,"Miramonte, CA"
Mission Viejo,CA,ORANGE,"Mission Viejo, CA"
Moapa,NV,CLARK,"Moapa, NV"
Mobile,AL,MOBILE,"Mobile, AL"
Mojave,CA,KERN,"Mojave, CA"
Molt,MT,YELLOWSTONE,"Molt, MT"
Moncks Corner,SC,BERKELEY,"Moncks Corner, SC"
Mondovi,WI,BUFFALO,"Mondovi, WI"
Monroeville,PA,ALLEGHENY,"Monroeville, PA"
Mont Belvieu,TX,CHAMBERS,"Mont Belvieu, TX"
Montclair,CA,SAN BERNARDINO,"Montclair, CA"
Monte Vista,CO,RIO GRANDE,"Monte Vista, CO"
Montgomery Village,MD,MONTGOMERY,"Montgomery Village, MD"
Monticello,NY,SULLIVAN,"Monticello, NY"
Montverde,FL,LAKE,"Montverde, FL"
Monument,KS,LOGAN,"Monument, KS"
Mooresville,NC,IREDELL,"Mooresville, NC"
Morrison,MO,GASCONADE,"Morrison, MO"
Morristown,NJ,MORRIS,"Morristown, NJ"
Morrisville,MO,POLK,"Morrisville, MO"
Mosby,MO,CLAY,"Mosby, MO"
Moscow,TN,FAYETTE,"Moscow, TN"
Mount Airy,NC,SURRY,"Mount Airy, NC"
Mount Aukum,CA,EL DORADO,"Mount Aukum, CA"
Mount Pleasant,MS,MARSHALL,"Mount Pleasant, MS"
Mount Union,PA,HUNTINGDON,"Mount Union, PA"
Mountain View,AR,STONE,"Mountain View, AR"
Murrysville,PA,WESTMORELAND,"Murrysville, PA"
Mystic,CT,NEW LONDON,"Mystic, CT"
Nantucket,MA,NANTUCKET,"Nantucket, MA"
Napavine,WA,LEWIS,"Napavine, WA"
Naperville,IL,DUPAGE,"Naperville, IL"
Naperville,IL,WILL,"Naperville, IL"
Napoleon,OH,HENRY,"Napoleon, OH"
Narragansett,RI,WASHINGTON,"Narragansett, RI"
Nason,IL,JEFFERSON,"Nason, IL"
Needham,MA,NORFOLK,"Needham, MA"
Nelson,NH,CHESHIRE,"Nelson, NH"
Nenana,AK,YUKON KOYUKUK,"Nenana, AK"
Neosho,MO,NEWTON,"Neosho, MO"
New Albany,KS,WILSON,"New Albany, KS"
New Bedford,MA,BRISTOL,"New Bedford, MA"
New Berlin,WI,WAUKESHA,"New Berlin, WI"
New Braunfels,TX,COMAL,"New Braunfels, TX"
New Brunswick,NJ,MIDDLESEX,"New Brunswick, NJ"
New Columbia,PA,UNION,"New Columbia, PA"
New Harbor,ME,LINCOLN,"New Harbor, ME"
New Haven,CT,NEW HAVEN,"New Haven, CT"
New Home,TX,LYNN,"New Home, TX"
New Orleans,LA,JEFFERSON,"New Orleans, LA"
New Orleans,LA,ORLEANS,"New Orleans, LA"
New Salem,MA,FRANKLIN,"New Salem, MA"
Newark,OH,LICKING,"Newark, OH"
Newberry Springs,CA,SAN BERNARDINO,"Newberry Springs, CA"
Newburgh,NY,ORANGE,"Newburgh, NY"
Newbury,MA,ESSEX,"Newbury, MA"
Newburyport,MA,ESSEX,"Newburyport, MA"
Newcastle,WY,WESTON,"Newcastle, WY"
Newhall,CA,LOS ANGELES,"Newhall, CA"
Newington,NH,STRAFFORD,"Newington, NH"
Newport Beach,CA,ORANGE,"Newport Beach, CA"
Newport News,VA,NEWPORT NEWS CITY,"Newport News, VA"
Newport,KY,CAMPBELL,"Newport, KY"
Newport,OR,LINCOLN,"Newport, OR"
Newton,KS,HARVEY,"Newton, KS"
Newton,MA,MIDDLESEX,"Newton, MA"
Newtonville,MA,MIDDLESEX,"Newtonville, MA"
Newtonville,NY,ALBANY,"Newtonville, NY"
Nicholson,PA,WYOMING,"Nicholson, PA"
Nikiski,AK,KENAI PENINSULA,"Nikiski, AK"
Niwot,CO,BOULDER,"Niwot, CO"
Nogales,AZ,SANTA CRUZ,"Nogales, AZ"
Noma,FL,HOLMES,"Noma, FL"
Norborne,MO,CARROLL,"Norborne, MO"
Norristown,PA,MONTGOMERY,"Norristown, PA"
North Attleboro,MA,BRISTOL,"North Attleboro, MA"
North Canton,OH,STARK,"North Canton, OH"
North Charleston,SC,CHARLESTON,"North Charleston, SC"
North Charleston,SC,DORCHESTER,"North Charleston, SC"
North Chicago,IL,LAKE,"North Chicago, IL"
North Egremont,MA,BERKSHIRE,"North Egremont, MA"
North Falmouth,MA,BARNSTABLE,"North Falmouth, MA"
North Fork,ID,LEMHI,"North Fork, ID"
North Hollywood,CA,LOS ANGELES,"North Hollywood, CA"
North Little Rock,AR,PULASKI,"North Little Rock, AR"
North Miami Beach,FL,MIAMI-DADE,"North Miami Beach, FL"
North Palm Beach,FL,PALM BEACH,"North Palm Beach, FL"
North Providence,RI,PROVIDENCE,"North Providence, RI"
North Richland Hills,TX,TARRANT,"North Richland Hills, TX"
North Ridgeville,OH,LORAIN,"North Ridgeville, OH"
North Wales,PA,MONTGOMERY,"North Wales, PA"
North Waltham,MA,MIDDLESEX,"North Waltham, MA"
North Washington,IA,CHICKASAW,"North Washington, IA"
North Windham,CT,WINDHAM,"North Windham, CT"
Northampton,MA,HAMPSHIRE,"Northampton, MA"
Northfield,OH,SUMMIT,"Northfield, OH"
Northridge,CA,LOS ANGELES,"Northridge, CA"
Northwood,OH,WOOD,"Northwood, OH"
Norwich,CT,NEW LONDON,"Norwich, CT"
Norwood Young America,MN,CARVER,"Norwood Young America, MN"
Norwood,MN,CARVER,"Norwood, MN"
O Fallon,MO,SAINT CHARLES,"O Fallon, MO"
Oak Brook,IL,DUPAGE,"Oak Brook, IL"
Oak Island,NC,BRUNSWICK,"Oak Island, NC"
Oak Lawn,IL,COOK,"Oak Lawn, IL"
Oak Park,CA,VENTURA,"Oak Park, CA"
Oak Park,MN,BENTON,"Oak Park, MN"
Oakland,CA,ALAMEDA,"Oakland, CA"
Oakland,FL,ORANGE,"Oakland, FL"
Oakland,MI,OAKLAND,"Oakland, MI"
Oakland,TN,FAYETTE,"Oakland, TN"
Oakton,VA,FAIRFAX,"Oakton, VA"
Oakville,CT,LITCHFIELD,"Oakville, CT"
Oakwood,GA,HALL,"Oakwood, GA"
Ocean Isle Beach,NC,BRUNSWICK,"Ocean Isle Beach, NC"
Ocean Springs,MS,JACKSON,"Ocean Springs, MS"
Ocean View,DE,SUSSEX,"Ocean View, DE"
Ocean View,HI,HAWAII,"Ocean View, HI"
Oceanside,CA,SAN DIEGO,"Oceanside, CA"
Odessa,WA,LINCOLN,"Odessa, WA"
Oklahoma City,OK,CLEVELAND,"Oklahoma City, OK"
Oklahoma City,OK,OKLAHOMA,"Oklahoma City, OK"
Okolona,OH,HENRY,"Okolona, OH"
Olympia,WA,THURSTON,"Olympia, WA"
Omaha,NE,DOUGLAS,"Omaha, NE"
Omaha,NE,SARPY,"Omaha, NE"
Ontario,CA,SAN BERNARDINO,"Ontario, CA"
Ontario,OH,RICHLAND,"Ontario, OH"
Opa Locka,FL,MIAMI-DADE,"Opa Locka, FL"
Orange Cove,CA,FRESNO,"Orange Cove, CA"
Orange Park,FL,CLAY,"Orange Park, FL"
Orange,CA,ORANGE,"Orange, CA"
Orange,MA,FRANKLIN,"Orange, MA"
Oraville,IL,JACKSON,"Oraville, IL"
Oregon,OH,LUCAS,"Oregon, OH"
Orlando,FL,BREVARD,"Orlando, FL"
Orlando,FL,ORANGE,"Orlando, FL"
Oroville,CA,BUTTE,"Oroville, CA"
Orr,MN,SAINT LOUIS,"Orr, MN"
Overland Park,KS,JOHNSON,"Overland Park, KS"
Owosso,MI,SHIAWASSEE,"Owosso, MI"
Oxbow,NY,JEFFERSON,"Oxbow, NY"
Pala,CA,SAN DIEGO,"Pala, CA"
Palm Beach Gardens,FL,PALM BEACH,"Palm Beach Gardens, FL"
Palm Desert,CA,RIVERSIDE,"Palm Desert, CA"
Palo Alto,CA,SANTA CLARA,"Palo Alto, CA"
Palos Verdes Peninsula,CA,LOS ANGELES,"Palos Verdes Peninsula, CA"
Panama City Beach,FL,BAY,"Panama City Beach, FL"
Panama City,FL,BAY,"Panama City, FL"
Papillion,NE,SARPY,"Papillion, NE"
Parachute,CO,GARFIELD,"Parachute, CO"
Park Forest,IL,COOK,"Park Forest, IL"
Park Hills,MO,SAINT FRANCOIS,"Park Hills, MO"
Parkersburg,WV,WOOD,"Parkersburg, WV"
Parksville,SC,MCCORMICK,"Parksville, SC"
Pasadena,CA,LOS ANGELES,"Pasadena, CA"
Pascagoula,MS,JACKSON,"Pascagoula, MS"
Paterson,NJ,PASSAIC,"Paterson, NJ"
Pattison,TX,WALLER,"Pattison, TX"
Paxton,IN,SULLIVAN,"Paxton, IN"
Peace Dale,RI,WASHINGTON,"Peace Dale, RI"
Peach Orchard,AR,CLAY,"Peach Orchard, AR"
Pearblossom,CA,LOS ANGELES,"Pearblossom, CA"
Pembine,WI,MARINETTE,"Pembine, WI"
Pembroke Pines,FL,BROWARD,"Pembroke Pines, FL"
Pennsauken,NJ,CAMDEN,"Pennsauken, NJ"
Peoria,IL,PEORIA,"Peoria, IL"
Peralta,NM,VALENCIA,"Peralta, NM"
Perkins,GA,JENKINS,"Perkins, GA"
Perryville,MO,PERRY,"Perryville, MO"
Perth Amboy,NJ,MIDDLESEX,"Perth Amboy, NJ"
Peru,IN,MIAMI,"Peru, IN"
Petersburg,VA,PETERSBURG CITY,"Petersburg, VA"
Phenix City,AL,LEE,"Phenix City, AL"
Phenix City,AL,RUSSELL,"Phenix City, AL"
Philadelphia,PA,DELAWARE,"Philadelphia, PA"
Philadelphia,PA,PHILADELPHIA,"Philadelphia, PA"
Phoenix,AZ,MARICOPA,"Phoenix, AZ"
Phoenixville,PA,CHESTER,"Phoenixville, PA"
Pickens,MS,HOLMES,"Pickens, MS"
Pico Rivera,CA,LOS ANGELES,"Pico Rivera, CA"
Piedmont,CA,ALAMEDA,"Piedmont, CA"
Pigeon Forge,TN,SEVIER,"Pigeon Forge, TN"
Pikesville,MD,BALTIMORE,"Pikesville, MD"
Pilottown,LA,PLAQUEMINES,"Pilottown, LA"
Pine Bluff,AR,JEFFERSON,"Pine Bluff, AR"
Pinecrest,CA,TUOLUMNE,"Pinecrest, CA"
Pinesdale,MT,RAVALLI,"Pinesdale, MT"
Pineville,LA,RAPIDES,"Pineville, LA"
Pineville,WV,WYOMING,"Pineville, WV"
Pinon,AZ,NAVAJO,"Pinon, AZ"
Pioneer,CA,AMADOR,"Pioneer, CA"
Pittsboro,NC,CHATHAM,"Pittsboro, NC"
Pittsburg,KS,CRAWFORD,"Pittsburg, KS"
Pittsburgh,PA,ALLEGHENY,"Pittsburgh, PA"
Pittston,PA,LUZERNE,"Pittston, PA"
Placida,FL,CHARLOTTE,"Placida, FL"
Plainfield,NJ,UNION,"Plainfield, NJ"
Plantation,FL,BROWARD,"Plantation, FL"
Plato Center,IL,KANE,"Plato Center, IL"
Playa Del Rey,CA,LOS ANGELES,"Playa Del Rey, CA"
Playa Vista,CA,LOS ANGELES,"Playa Vista, CA"
Pleasant Hill,IA,POLK,"Pleasant Hill, IA"
Pleasant Hill,OR,LANE,"Pleasant Hill, OR"
Pleasanton,CA,ALAMEDA,"Pleasanton, CA"
Pocatello,ID,BANNOCK,"Pocatello, ID"
Pocono Lake,PA,MONROE,"Pocono Lake, PA"
Point Mugu Nawc,CA,VENTURA,"Point Mugu Nawc, CA"
Pollock,LA,GRANT,"Pollock, LA"
Pomona,CA,LOS ANGELES,"Pomona, CA"
Pompano Beach,FL,BROWARD,"Pompano Beach, FL"
Ponce,PR,PONCE,"Ponce, PR"
Ponte Vedra Beach,FL,SAINT JOHNS,"Ponte Vedra Beach, FL"
Ponte Vedra,FL,SAINT JOHNS,"Ponte Vedra, FL"
Port Charlotte,FL,CHARLOTTE,"Port Charlotte, FL"
Port Hadlock,WA,JEFFERSON,"Port Hadlock, WA"
Port Hueneme Cbc Base,CA,VENTURA,"Port Hueneme Cbc Base, CA"
Port Hueneme,CA,VENTURA,"Port Hueneme, CA"
Port Jefferson Station,NY,SUFFOLK,"Port Jefferson Station, NY"
Port Jervis,NY,ORANGE,"Port Jervis, NY"
Port Richey,FL,PASCO,"Port Richey, FL"
Portales,NM,ROOSEVELT,"Portales, NM"
Porter Ranch,CA,LOS ANGELES,"Porter Ranch, CA"
Porterdale,GA,NEWTON,"Porterdale, GA"
Portland,ME,CUMBERLAND,"Portland, ME"
Portland,OR,CLACKAMAS,"Portland, OR"
Portland,OR,MULTNOMAH,"Portland, OR"
Portland,OR,WASHINGTON,"Portland, OR"
Portola,CA,PLUMAS,"Portola, CA"
Portsmouth,NH,ROCKINGHAM,"Portsmouth, NH"
Portsmouth,OH,SCIOTO,"Portsmouth, OH"
Pottstown,PA,CHESTER,"Pottstown, PA"
Pottstown,PA,MONTGOMERY,"Pottstown, PA"
Poultney,VT,RUTLAND,"Poultney, VT"
Prairie Du Rocher,IL,RANDOLPH,"Prairie Du Rocher, IL"
Prairie View,TX,WALLER,"Prairie View, TX"
Prairie Village,KS,JOHNSON,"Prairie Village, KS"
Presidio,TX,PRESIDIO,"Presidio, TX"
Preston,CT,NEW LONDON,"Preston, CT"
Prior Lake,MN,SCOTT,"Prior Lake, MN"
Providence,RI,PROVIDENCE,"Providence, RI"
Purcellville,VA,LOUDOUN,"Purcellville, VA"
Quaker City,OH,GUERNSEY,"Quaker City, OH"
Quantico,VA,PRINCE WILLIAM,"Quantico, VA"
Quantico,VA,STAFFORD,"Quantico, VA"
Queen Creek,AZ,MARICOPA,"Queen Creek, AZ"
Queensbury,NY,WARREN,"Queensbury, NY"
Ramah,NM,MCKINLEY,"Ramah, NM"
Ranchester,WY,SHERIDAN,"Ranchester, WY"
Randolph AFB,TX,BEXAR,"Randolph AFB, TX"
Randolph,WI,COLUMBIA,"Randolph, WI"
Randolph,WI,DODGE,"Randolph, WI"
Ransom Canyon,TX,LUBBOCK,"Ransom Canyon, TX"
Rawlins,WY,CARBON,"Rawlins, WY"
Raymondville,TX,WILLACY,"Raymondville, TX"
Readsboro,VT,BENNINGTON,"Readsboro, VT"
Readville,MA,SUFFOLK,"Readville, MA"
Red Bank,NJ,MONMOUTH,"Red Bank, NJ"
Red Hill,PA,MONTGOMERY,"Red Hill, PA"
Red Hook,NY,DUTCHESS,"Red Hook, NY"
Redmond,WA,KING,"Redmond, WA"
Redwood Estates,CA,SANTA CLARA,"Redwood Estates, CA"
Renner,SD,MINNEHAHA,"Renner, SD"
Reston,VA,FAIRFAX,"Reston, VA"
Richland,WA,BENTON,"Richland, WA"
Richmond,CA,CONTRA COSTA,"Richmond, CA"
Richmond,VA,CHESTERFIELD,"Richmond, VA"
Richmond,VA,HENRICO,"Richmond, VA"
Richmond,VA,RICHMOND CITY,"Richmond, VA"
Rio Grande,PR,RIO GRANDE,"Rio Grande, PR"
River Rouge,MI,WAYNE,"River Rouge, MI"
Riverdale,CA,FRESNO,"Riverdale, CA"
Riverside,CA,RIVERSIDE,"Riverside, CA"
Riverside,MO,PLATTE,"Riverside, MO"
Riverton,UT,SALT LAKE,"Riverton, UT"
Riverview,MI,WAYNE,"Riverview, MI"
Roanoke,VA,BOTETOURT,"Roanoke, VA"
Roanoke,VA,ROANOKE,"Roanoke, VA"
Roanoke,VA,ROANOKE CITY,"Roanoke, VA"
Roanoke,VA,SALEM,"Roanoke, VA"
Robertsdale,AL,BALDWIN,"Robertsdale, AL"
Robins,IA,LINN,"Robins, IA"
Rock Cave,WV,UPSHUR,"Rock Cave, WV"
Rock River,WY,ALBANY,"Rock River, WY"
Rock Springs,WY,SWEETWATER,"Rock Springs, WY"
Rockford,MN,HENNEPIN,"Rockford, MN"
Rockford,MN,WRIGHT,"Rockford, MN"
Rockville Centre,NY,NASSAU,"Rockville Centre, NY"
Rockville,MD,MONTGOMERY,"Rockville, MD"
Rocky Mount,MO,MORGAN,"Rocky Mount, MO"
Rocky Mount,NC,EDGECOMBE,"Rocky Mount, NC"
Rocky Mount,NC,NASH,"Rocky Mount, NC"
Rodeo,CA,CONTRA COSTA,"Rodeo, CA"
Rombauer,MO,BUTLER,"Rombauer, MO"
Rome,GA,FLOYD,"Rome, GA"
Ronkonkoma,NY,SUFFOLK,"Ronkonkoma, NY"
Roosevelt Roads,PR,CEIBA,"Roosevelt Roads, PR"
Roosevelt,MN,ROSEAU,"Roosevelt, MN"
Rosedale,NY,QUEENS,"Rosedale, NY"
Roseland,VA,NELSON,"Roseland, VA"
Rosenberg,TX,FORT BEND,"Rosenberg, TX"
Roseville,CA,PLACER,"Roseville, CA"
Rossburg,OH,DARKE,"Rossburg, OH"
Rossville,GA,WALKER,"Rossville, GA"
Rossville,TN,FAYETTE,"Rossville, TN"
Round Top,TX,FAYETTE,"Round Top, TX"
Roxbury,MA,SUFFOLK,"Roxbury, MA"
Roy,UT,WEBER,"Roy, UT"
Royal Palm Beach,FL,PALM BEACH,"Royal Palm Beach, FL"
Royalston,MA,WORCESTER,"Royalston, MA"
Rupert,ID,MINIDOKA,"Rupert, ID"
Ruskin,FL,HILLSBOROUGH,"Ruskin, FL"
Sacramento,CA,SACRAMENTO,"Sacramento, CA"
Sahuarita,AZ,PIMA,"Sahuarita, AZ"
Saint Albans,NY,QUEENS,"Saint Albans, NY"
Saint Anthony,ND,MORTON,"Saint Anthony, ND"
Saint Cloud,MN,SHERBURNE,"Saint Cloud, MN"
Saint Cloud,MN,STEARNS,"Saint Cloud, MN"
Saint Francis,WI,MILWAUKEE,"Saint Francis, WI"
Saint Johns,FL,SAINT JOHNS,"Saint Johns, FL"
Saint Just,PR,TRUJILLO ALTO,"Saint Just, PR"
Saint Louis,MO,SAINT LOUIS,"Saint Louis, MO"
Saint Louis,MO,SAINT LOUIS CITY,"Saint Louis, MO"
Saint Marie,MT,VALLEY,"Saint Marie, MT"
Saint Paul Island,AK,ALEUTIANS WEST,"Saint Paul Island, AK"
Saint Paul,IA,LEE,"Saint Paul, IA"
Saint Paul,MN,DAKOTA,"Saint Paul, MN"
Saint Paul,MN,HENNEPIN,"Saint Paul, MN"
Saint Paul,MN,RAMSEY,"Saint Paul, MN"
Saint Paul,MN,WASHINGTON,"Saint Paul, MN"
Saint Peters,MO,SAINT CHARLES,"Saint Peters, MO"
Sale Creek,TN,HAMILTON,"Sale Creek, TN"
Salem,OR,MARION,"Salem, OR"
Salem,OR,POLK,"Salem, OR"
Salida,CO,CHAFFEE,"Salida, CO"
Salinas,CA,MONTEREY,"Salinas, CA"
San Angelo,TX,TOM GREEN,"San Angelo, TX"
San Anselmo,CA,MARIN,"San Anselmo, CA"
San Antonio,TX,BEXAR,"San Antonio, TX"
San Antonio,TX,COMAL,"San Antonio, TX"
San Diego,CA,SAN DIEGO,"San Diego, CA"
San Fernando,CA,LOS ANGELES,"San Fernando, CA"
San Francisco,CA,SAN FRANCISCO,"San Francisco, CA"
San Francisco,CA,SAN MATEO,"San Francisco, CA"
San Jon,NM,QUAY,"San Jon, NM"
San Jose,CA,SANTA CLARA,"San Jose, CA"
San Juan Capistrano,CA,ORANGE,"San Juan Capistrano, CA"
San Luis Obispo,CA,SAN LUIS OBISPO,"San Luis Obispo, CA"
San Pablo,CA,CONTRA COSTA,"San Pablo, CA"
San Tan Valley,AZ,PINAL,"San Tan Valley, AZ"
Sanders,MT,TREASURE,"Sanders, MT"
Sandusky,NY,CATTARAUGUS,"Sandusky, NY"
Sanford,NC,LEE,"Sanford, NC"
Santa Ana,CA,ORANGE,"Santa Ana, CA"
Santa Barbara,CA,SANTA BARBARA,"Santa Barbara, CA"
Santa Clarita,CA,LOS ANGELES,"Santa Clarita, CA"
Santa Cruz,CA,SANTA CRUZ,"Santa Cruz, CA"
Santa Fe,NM,SANTA FE,"Santa Fe, NM"
Sarasota,FL,MANATEE,"Sarasota, FL"
Sarasota,FL,SARASOTA,"Sarasota, FL"
Saratoga Springs,UT,UTAH,"Saratoga Springs, UT"
Sauk Centre,MN,STEARNS,"Sauk Centre, MN"
Sault Sainte Marie,MI,CHIPPEWA,"Sault Sainte Marie, MI"
Savannah,GA,CHATHAM,"Savannah, GA"
Scarsdale,NY,WESTCHESTER,"Scarsdale, NY"
Schaumburg,IL,COOK,"Schaumburg, IL"
Schenectady,NY,SCHENECTADY,"Schenectady, NY"
Schiller Park,IL,COOK,"Schiller Park, IL"
Scituate,MA,PLYMOUTH,"Scituate, MA"
Scotts Valley,CA,SANTA CRUZ,"Scotts Valley, CA"
Scottsdale,AZ,MARICOPA,"Scottsdale, AZ"
Scottsville,VA,ALBEMARLE,"Scottsville, VA"
Scranton,PA,LACKAWANNA,"Scranton, PA"
Sealevel,NC,CARTERET,"Sealevel, NC"
Searchlight,NV,CLARK,"Searchlight, NV"
Searles,MN,BROWN,"Searles, MN"
Seattle,WA,KING,"Seattle, WA"
Sebastian,FL,BREVARD,"Sebastian, FL"
Sebastian,FL,INDIAN RIVER,"Sebastian, FL"
Sebec,ME,PISCATAQUIS,"Sebec, ME"
Sedona,AZ,COCONINO,"Sedona, AZ"
Sedona,AZ,YAVAPAI,"Sedona, AZ"
Selbyville,DE,SUSSEX,"Selbyville, DE"
Seltzer,PA,SCHUYLKILL,"Seltzer, PA"
Seminole,FL,PINELLAS,"Seminole, FL"
Severance,CO,WELD,"Severance, CO"
Sevierville,TN,SEVIER,"Sevierville, TN"
Seymour,CT,NEW HAVEN,"Seymour, CT"
Shakopee,MN,SCOTT,"Shakopee, MN"
Shallotte,NC,BRUNSWICK,"Shallotte, NC"
Sharon,PA,MERCER,"Sharon, PA"
Shaver Lake,CA,FRESNO,"Shaver Lake, CA"
Shawnee Mission,KS,JOHNSON,"Shawnee Mission, KS"
Shawnee,KS,JOHNSON,"Shawnee, KS"
Shelby,NC,CLEVELAND,"Shelby, NC"
Sheldon,VT,FRANKLIN,"Sheldon, VT"
Sherman Oaks,CA,LOS ANGELES,"Sherman Oaks, CA"
Sherwood,AR,PULASKI,"Sherwood, AR"
Shirley,AR,VAN BUREN,"Shirley, AR"
Shorewood,IL,WILL,"Shorewood, IL"
Shoshone,ID,LINCOLN,"Shoshone, ID"
Show Low,AZ,NAVAJO,"Show Low, AZ"
Sierra Vista,AZ,COCHISE,"Sierra Vista, AZ"
Signal Hill,CA,LOS ANGELES,"Signal Hill, CA"
Silva,MO,WAYNE,"Silva, MO"
Silver City,NM,GRANT,"Silver City, NM"
Silver Creek,MN,WRIGHT,"Silver Creek, MN"
Silver Spring,MD,MONTGOMERY,"Silver Spring, MD"
Silver,TX,COKE,"Silver, TX"
Simi Valley,CA,VENTURA,"Simi Valley, CA"
Sioux Falls,SD,LINCOLN,"Sioux Falls, SD"
Sioux Falls,SD,MINNEHAHA,"Sioux Falls, SD"
Sitka,AK,SITKA,"Sitka, AK"
Slatyfork,WV,POCAHONTAS,"Slatyfork, WV"
Slayton,MN,MURRAY,"Slayton, MN"
Sloan,NV,CLARK,"Sloan, NV"
Smithfield,RI,PROVIDENCE,"Smithfield, RI"
Smithtown,NY,SUFFOLK,"Smithtown, NY"
Snowflake,AZ,NAVAJO,"Snowflake, AZ"
Snydertown,PA,NORTHUMBERLAND,"Snydertown, PA"
Soda Springs,CA,NEVADA,"Soda Springs, CA"
Soda Springs,ID,CARIBOU,"Soda Springs, ID"
Somerville,TN,FAYETTE,"Somerville, TN"
Sonora,CA,TUOLUMNE,"Sonora, CA"
South Freeport,ME,CUMBERLAND,"South Freeport, ME"
South Ozone Park,NY,QUEENS,"South Ozone Park, NY"
South Saint Paul,MN,DAKOTA,"South Saint Paul, MN"
South Sterling,PA,WAYNE,"South Sterling, PA"
Southampton,PA,BUCKS,"Southampton, PA"
Southborough,MA,WORCESTER,"Southborough, MA"
Spartanburg,SC,SPARTANBURG,"Spartanburg, SC"
Sprague,WA,LINCOLN,"Sprague, WA"
Spring Grove,PA,YORK,"Spring Grove, PA"
Spring Hill,FL,HERNANDO,"Spring Hill, FL"
Spring Hill,FL,PASCO,"Spring Hill, FL"
Spring House,PA,MONTGOMERY,"Spring House, PA"
Spring,TX,HARRIS,"Spring, TX"
Spring,TX,MONTGOMERY,"Spring, TX"
Springdale,UT,WASHINGTON,"Springdale, UT"
Springer,NM,COLFAX,"Springer, NM"
Springfield,MA,HAMPDEN,"Springfield, MA"
Springfield,PA,DELAWARE,"Springfield, PA"
Springfield,VA,FAIRFAX,"Springfield, VA"
Springville,CA,TULARE,"Springville, CA"
Springville,UT,UTAH,"Springville, UT"
Squaw Valley,CA,FRESNO,"Squaw Valley, CA"
Stafford,VA,STAFFORD,"Stafford, VA"
Stanford,CA,SANTA CLARA,"Stanford, CA"
Stanwood,WA,SNOHOMISH,"Stanwood, WA"
State College,PA,CENTRE,"State College, PA"
Steelville,MO,CRAWFORD,"Steelville, MO"
Stella Niagara,NY,NIAGARA,"Stella Niagara, NY"
Stennis Space Center,MS,HANCOCK,"Stennis Space Center, MS"
Sterling,VA,LOUDOUN,"Sterling, VA"
Stoddard,NH,CHESHIRE,"Stoddard, NH"
Stonington,ME,HANCOCK,"Stonington, ME"
Story,WY,SHERIDAN,"Story, WY"
Stryker,OH,WILLIAMS,"Stryker, OH"
Studio City,CA,LOS ANGELES,"Studio City, CA"
Sturbridge,MA,WORCESTER,"Sturbridge, MA"
Suamico,WI,BROWN,"Suamico, WI"
Suisun City,CA,SOLANO,"Suisun City, CA"
Sulphur,IN,CRAWFORD,"Sulphur, IN"
Sulphur,KY,HENRY,"Sulphur, KY"
Summerland Key,FL,MONROE,"Summerland Key, FL"
Sumner,WA,PIERCE,"Sumner, WA"
Sun City Center,FL,HILLSBOROUGH,"Sun City Center, FL"
Sun City West,AZ,MARICOPA,"Sun City West, AZ"
Sun City,AZ,MARICOPA,"Sun City, AZ"
Sun City,CA,RIVERSIDE,"Sun City, CA"
Sun Valley,NV,WASHOE,"Sun Valley, NV"
Surry,ME,HANCOCK,"Surry, ME"
Sutter Creek,CA,AMADOR,"Sutter Creek, CA"
Swift,MN,ROSEAU,"Swift, MN"
Sylacauga,AL,TALLADEGA,"Sylacauga, AL"
Sylvan Beach,MI,MUSKEGON,"Sylvan Beach, MI"
Tacoma,WA,PIERCE,"Tacoma, WA"
Tahoe City,CA,PLACER,"Tahoe City, CA"
Takoma Park,MD,MONTGOMERY,"Takoma Park, MD"
Tallassee,AL,ELMORE,"Tallassee, AL"
Tamms,IL,ALEXANDER,"Tamms, IL"
Tamuning,GU,GUAM,"Tamuning, GU"
Tannersville,NY,GREENE,"Tannersville, NY"
Tarpon Springs,FL,PINELLAS,"Tarpon Springs, FL"
Tarzana,CA,LOS ANGELES,"Tarzana, CA"
Tatum,NM,LEA,"Tatum, NM"
Tazewell,VA,TAZEWELL,"Tazewell, VA"
Teec Nos Pos,AZ,APACHE,"Teec Nos Pos, AZ"
Telford,PA,MONTGOMERY,"Telford, PA"
Tenants Harbor,ME,KNOX,"Tenants Harbor, ME"
Terral,OK,JEFFERSON,"Terral, OK"
Tetonia,ID,TETON,"Tetonia, ID"
The Lakes,NV,CLARK,"The Lakes, NV"
The Villages,FL,SUMTER,"The Villages, FL"
Theodore,AL,MOBILE,"Theodore, AL"
Thermal,CA,RIVERSIDE,"Thermal, CA"
Thomaston,CT,LITCHFIELD,"Thomaston, CT"
Thomasville,AL,CLARKE,"Thomasville, AL"
Thornton,CO,ADAMS,"Thornton, CO"
Thornton,NH,GRAFTON,"Thornton, NH"
Thousand Oaks,CA,VENTURA,"Thousand Oaks, CA"
Ticonderoga,NY,ESSEX,"Ticonderoga, NY"
Tinley Park,IL,COOK,"Tinley Park, IL"
Tok,AK,SOUTHEAST FAIRBANKS,"Tok, AK"
Toledo,OH,LUCAS,"Toledo, OH"
Toledo,OH,WOOD,"Toledo, OH"
Toluca Lake,CA,LOS ANGELES,"Toluca Lake, CA"
Tomahawk,WI,LINCOLN,"Tomahawk, WI"
Tomball,TX,HARRIS,"Tomball, TX"
Tonalea,AZ,COCONINO,"Tonalea, AZ"
Tonawanda,NY,ERIE,"Tonawanda, NY"
Torrington,CT,LITCHFIELD,"Torrington, CT"
Totowa,NJ,PASSAIC,"Totowa, NJ"
Townsend,MA,MIDDLESEX,"Townsend, MA"
Trenton,NJ,BURLINGTON,"Trenton, NJ"
Trenton,NJ,MERCER,"Trenton, NJ"
Trevor,WI,KENOSHA,"Trevor, WI"
Trosky,MN,PIPESTONE,"Trosky, MN"
Troy,NY,ALBANY,"Troy, NY"
Troy,NY,RENSSELAER,"Troy, NY"
Tucson,AZ,PIMA,"Tucson, AZ"
Tucumcari,NM,QUAY,"Tucumcari, NM"
Tullahoma,TN,COFFEE,"Tullahoma, TN"
Tulsa,OK,CREEK,"Tulsa, OK"
Tulsa,OK,TULSA,"Tulsa, OK"
Tumwater,WA,THURSTON,"Tumwater, WA"
Twin Bridges,CA,EL DORADO,"Twin Bridges, CA"
Twin Falls,ID,TWIN FALLS,"Twin Falls, ID"
Twin Lakes,CO,LAKE,"Twin Lakes, CO"
Ukiah,CA,MENDOCINO,"Ukiah, CA"
Ulysses,NE,BUTLER,"Ulysses, NE"
Unalaska,AK,ALEUTIANS WEST,"Unalaska, AK"
Unionville,CT,HARTFORD,"Unionville, CT"
Universal City,TX,BEXAR,"Universal City, TX"
University Park,IL,WILL,"University Park, IL"
University Place,WA,PIERCE,"University Place, WA"
Upper Lake,CA,LAKE,"Upper Lake, CA"
Urbandale,IA,POLK,"Urbandale, IA"
Ursina,PA,SOMERSET,"Ursina, PA"
Valencia,CA,LOS ANGELES,"Valencia, CA"
Vallecito,CA,CALAVERAS,"Vallecito, CA"
Vallejo,CA,SOLANO,"Vallejo, CA"
Valley Forge,PA,CHESTER,"Valley Forge, PA"
Valley Forge,PA,MONTGOMERY,"Valley Forge, PA"
Valley Springs,CA,CALAVERAS,"Valley Springs, CA"
Valley Village,CA,LOS ANGELES,"Valley Village, CA"
Valley,AL,CHAMBERS,"Valley, AL"
Valley,AL,LEE,"Valley, AL"
Valleyford,WA,SPOKANE,"Valleyford, WA"
Van Nuys,CA,LOS ANGELES,"Van Nuys, CA"
Vashon,WA,KING,"Vashon, WA"
Vaucluse,SC,AIKEN,"Vaucluse, SC"
Venice,CA,LOS ANGELES,"Venice, CA"
Venice,FL,SARASOTA,"Venice, FL"
Vermilion,OH,ERIE,"Vermilion, OH"
Versailles,KY,WOODFORD,"Versailles, KY"
Vienna,VA,FAIRFAX,"Vienna, VA"
Vienna,WV,WOOD,"Vienna, WV"
Viewtown,VA,CULPEPER,"Viewtown, VA"
Villa Park,CA,ORANGE,"Villa Park, CA"
Vineyard Haven,MA,DUKES,"Vineyard Haven, MA"
Vulcan,MI,DICKINSON,"Vulcan, MI"
Waco,TX,MCLENNAN,"Waco, TX"
Wagon Mound,NM,MORA,"Wagon Mound, NM"
Waite,ME,WASHINGTON,"Waite, ME"
Walden,CO,JACKSON,"Walden, CO"
Wallace,ID,SHOSHONE,"Wallace, ID"
Waltham,MA,MIDDLESEX,"Waltham, MA"
Warner Springs,CA,SAN DIEGO,"Warner Springs, CA"
Warwick,MA,FRANKLIN,"Warwick, MA"
Wascott,WI,DOUGLAS,"Wascott, WI"
Washington Depot,CT,LITCHFIELD,"Washington Depot, CT"
Washington,CT,LITCHFIELD,"Washington, CT"
Washoe Valley,NV,WASHOE,"Washoe Valley, NV"
Wasilla,AK,MATANUSKA SUSITNA,"Wasilla, AK"
Waterbury,CT,NEW HAVEN,"Waterbury, CT"
Waterford,MI,OAKLAND,"Waterford, MI"
Waterloo,IA,BLACK HAWK,"Waterloo, IA"
Watertown,CT,LITCHFIELD,"Watertown, CT"
Watertown,NY,JEFFERSON,"Watertown, NY"
Watertown,WI,DODGE,"Watertown, WI"
Watertown,WI,JEFFERSON,"Watertown, WI"
Watrous,NM,MORA,"Watrous, NM"
Waveland,MS,HANCOCK,"Waveland, MS"
Wellesley,MA,NORFOLK,"Wellesley, MA"
Wellington,FL,PALM BEACH,"Wellington, FL"
Wenatchee,WA,CHELAN,"Wenatchee, WA"
West Chester,OH,BUTLER,"West Chester, OH"
West Columbia,SC,LEXINGTON,"West Columbia, SC"
West Des Moines,IA,POLK,"West Des Moines, IA"
West Glacier,MT,FLATHEAD,"West Glacier, MT"
West Glover,VT,ORLEANS,"West Glover, VT"
West Hartford,CT,HARTFORD,"West Hartford, CT"
West Hatfield,MA,HAMPSHIRE,"West Hatfield, MA"
West Hills,CA,LOS ANGELES,"West Hills, CA"
West Hollywood,CA,LOS ANGELES,"West Hollywood, CA"
West Mclean,VA,FAIRFAX,"West Mclean, VA"
West Medford,MA,MIDDLESEX,"West Medford, MA"
West Mifflin,PA,ALLEGHENY,"West Mifflin, PA"
West Palm Beach,FL,PALM BEACH,"West Palm Beach, FL"
West Plains,MO,HOWELL,"West Plains, MO"
West Point,IA,LEE,"West Point, IA"
West Richland,WA,BENTON,"West Richland, WA"
Westbury,NY,NASSAU,"Westbury, NY"
Westernport,MD,ALLEGANY,"Westernport, MD"
Westerville,OH,DELAWARE,"Westerville, OH"
Westerville,OH,FRANKLIN,"Westerville, OH"
Westfield,IN,HAMILTON,"Westfield, IN"
Westfield,PA,TIOGA,"Westfield, PA"
Westlake Village,CA,VENTURA,"Westlake Village, CA"
Westminster,CO,ADAMS,"Westminster, CO"
Westmoreland,KS,POTTAWATOMIE,"Westmoreland, KS"
Westover,AL,SHELBY,"Westover, AL"
Westwood,NJ,BERGEN,"Westwood, NJ"
Wethersfield,CT,HARTFORD,"Wethersfield, CT"
Wewahitchka,FL,CALHOUN,"Wewahitchka, FL"
Wewahitchka,FL,GULF,"Wewahitchka, FL"
Weymouth,MA,NORFOLK,"Weymouth, MA"
Wheat Ridge,CO,JEFFERSON,"Wheat Ridge, CO"
Wheatfield,IN,JASPER,"Wheatfield, IN"
White Plains,NY,WESTCHESTER,"White Plains, NY"
Whitehall,MI,MUSKEGON,"Whitehall, MI"
Wichita,KS,SEDGWICK,"Wichita, KS"
Wilkes Barre,PA,LUZERNE,"Wilkes Barre, PA"
Williamsburg,VA,JAMES CITY,"Williamsburg, VA"
Williamsburg,VA,WILLIAMSBURG CITY,"Williamsburg, VA"
Williston,NC,CARTERET,"Williston, NC"
Willoughby,OH,LAKE,"Willoughby, OH"
Willow,AK,MATANUSKA SUSITNA,"Willow, AK"
Wilton,MN,BELTRAMI,"Wilton, MN"
Winchester Center,CT,LITCHFIELD,"Winchester Center, CT"
Winchester,VA,FREDERICK,"Winchester, VA"
Winchester,VA,WINCHESTER CITY,"Winchester, VA"
Windham,ME,CUMBERLAND,"Windham, ME"
Windsor,CO,WELD,"Windsor, CO"
Winnett,MT,PETROLEUM,"Winnett, MT"
Winona,KS,LOGAN,"Winona, KS"
Winsted,CT,LITCHFIELD,"Winsted, CT"
Wittenberg,WI,SHAWANO,"Wittenberg, WI"
Wolcott,CT,NEW HAVEN,"Wolcott, CT"
Woodbine,KY,KNOX,"Woodbine, KY"
Woodbury,NJ,GLOUCESTER,"Woodbury, NJ"
Woodland Hills,CA,LOS ANGELES,"Woodland Hills, CA"
Woods Cross,UT,DAVIS,"Woods Cross, UT"
Woodstock,MD,HOWARD,"Woodstock, MD"
Worcester,MA,WORCESTER,"Worcester, MA"
Worland,WY,WASHAKIE,"Worland, WY"
Worthington,MO,PUTNAM,"Worthington, MO"
Wrens,GA,JEFFERSON,"Wrens, GA"
Wrenshall,MN,CARLTON,"Wrenshall, MN"
Wyandotte,MI,WAYNE,"Wyandotte, MI"
Wyoming,MI,KENT,"Wyoming, MI"
Yonkers,NY,WESTCHESTER,"Yonkers, NY"
York,PA,YORK,"York, PA"
Young America,MN,CARVER,"Young America, MN"
Young America,MN,HENNEPIN,"Young America, MN"
Yucca Valley,CA,SAN BERNARDINO,"Yucca Valley, CA"
Zephyrhills,FL,PASCO,"Zephyrhills, FL"
